selector,axis,group,budget,representation_ratio,kept_count,pool_count,n_seeds
ifd,resource_tier,0,0.01,1.405,7.0,500,1
ifd,resource_tier,0,0.05,2.2,55.0,500,1
ifd,resource_tier,0,0.1,1.98,99.0,500,1
ifd,resource_tier,0,0.25,1.432,179.0,500,1
ifd,resource_tier,0,0.5,1.108,277.0,500,1
ifd,resource_tier,1,0.01,11.846,59.0,500,1
ifd,resource_tier,1,0.05,5.961,149.0,500,1
ifd,resource_tier,1,0.1,3.661,183.0,500,1
ifd,resource_tier,1,0.25,1.992,249.0,500,1
ifd,resource_tier,1,0.5,1.244,311.0,500,1
ifd,resource_tier,2,0.01,0.803,4.0,500,1
ifd,resource_tier,2,0.05,2.801,70.0,500,1
ifd,resource_tier,2,0.1,2.04,102.0,500,1
ifd,resource_tier,2,0.25,1.232,154.0,500,1
ifd,resource_tier,2,0.5,0.844,211.0,500,1
ifd,resource_tier,3,0.01,3.77,16.0,426,1
ifd,resource_tier,3,0.05,3.146,67.0,426,1
ifd,resource_tier,3,0.1,2.324,99.0,426,1
ifd,resource_tier,3,0.25,1.334,142.0,426,1
ifd,resource_tier,3,0.5,0.883,188.0,426,1
ifd,resource_tier,4,0.01,0.212,1.0,474,1
ifd,resource_tier,4,0.05,0.76,18.0,474,1
ifd,resource_tier,4,0.1,0.907,43.0,474,1
ifd,resource_tier,4,0.25,0.802,95.0,474,1
ifd,resource_tier,4,0.5,0.759,180.0,474,1
ifd,resource_tier,5,0.01,0.25,21.0,8442,1
ifd,resource_tier,5,0.05,0.434,183.0,8442,1
ifd,resource_tier,5,0.1,0.661,558.0,8442,1
ifd,resource_tier,5,0.25,0.896,1891.0,8442,1
ifd,resource_tier,5,0.5,1.008,4254.0,8442,1
perplexity-high,resource_tier,0,0.01,3.212,16.0,500,1
perplexity-high,resource_tier,0,0.05,5.481,137.0,500,1
perplexity-high,resource_tier,0,0.1,4.841,242.0,500,1
perplexity-high,resource_tier,0,0.25,2.392,299.0,500,1
perplexity-high,resource_tier,0,0.5,1.572,393.0,500,1
perplexity-high,resource_tier,1,0.01,12.448,62.0,500,1
perplexity-high,resource_tier,1,0.05,5.361,134.0,500,1
perplexity-high,resource_tier,1,0.1,3.321,166.0,500,1
perplexity-high,resource_tier,1,0.25,1.776,222.0,500,1
perplexity-high,resource_tier,1,0.5,1.608,402.0,500,1
perplexity-high,resource_tier,2,0.01,6.023,30.0,500,1
perplexity-high,resource_tier,2,0.05,9.362,234.0,500,1
perplexity-high,resource_tier,2,0.1,7.921,396.0,500,1
perplexity-high,resource_tier,2,0.25,3.817,477.0,500,1
perplexity-high,resource_tier,2,0.5,1.924,481.0,500,1
perplexity-high,resource_tier,3,0.01,0.0,0.0,426,1
perplexity-high,resource_tier,3,0.05,0.141,3.0,426,1
perplexity-high,resource_tier,3,0.1,0.704,30.0,426,1
perplexity-high,resource_tier,3,0.25,0.958,102.0,426,1
perplexity-high,resource_tier,3,0.5,1.16,247.0,426,1
perplexity-high,resource_tier,4,0.01,0.0,0.0,474,1
perplexity-high,resource_tier,4,0.05,0.127,3.0,474,1
perplexity-high,resource_tier,4,0.1,1.224,58.0,474,1
perplexity-high,resource_tier,4,0.25,1.916,227.0,474,1
perplexity-high,resource_tier,4,0.5,1.595,378.0,474,1
perplexity-high,resource_tier,5,0.01,0.0,0.0,8442,1
perplexity-high,resource_tier,5,0.05,0.073,31.0,8442,1
perplexity-high,resource_tier,5,0.1,0.227,192.0,8442,1
perplexity-high,resource_tier,5,0.25,0.655,1383.0,8442,1
perplexity-high,resource_tier,5,0.5,0.834,3520.0,8442,1
perplexity-low,resource_tier,0,0.01,0.803,4.0,500,1
perplexity-low,resource_tier,0,0.05,0.84,21.0,500,1
perplexity-low,resource_tier,0,0.1,0.76,38.0,500,1
perplexity-low,resource_tier,0,0.25,0.48,60.0,500,1
perplexity-low,resource_tier,0,0.5,0.428,107.0,500,1
perplexity-low,resource_tier,1,0.01,0.201,1.0,500,1
perplexity-low,resource_tier,1,0.05,0.08,2.0,500,1
perplexity-low,resource_tier,1,0.1,0.14,7.0,500,1
perplexity-low,resource_tier,1,0.25,0.064,8.0,500,1
perplexity-low,resource_tier,1,0.5,0.392,98.0,500,1
perplexity-low,resource_tier,2,0.01,0.602,3.0,500,1
perplexity-low,resource_tier,2,0.05,0.2,5.0,500,1
perplexity-low,resource_tier,2,0.1,0.14,7.0,500,1
perplexity-low,resource_tier,2,0.25,0.096,12.0,500,1
perplexity-low,resource_tier,2,0.5,0.076,19.0,500,1
perplexity-low,resource_tier,3,0.01,0.0,0.0,426,1
perplexity-low,resource_tier,3,0.05,0.0,0.0,426,1
perplexity-low,resource_tier,3,0.1,0.023,1.0,426,1
perplexity-low,resource_tier,3,0.25,0.094,10.0,426,1
perplexity-low,resource_tier,3,0.5,0.84,179.0,426,1
perplexity-low,resource_tier,4,0.01,0.212,1.0,474,1
perplexity-low,resource_tier,4,0.05,0.169,4.0,474,1
perplexity-low,resource_tier,4,0.1,0.169,8.0,474,1
perplexity-low,resource_tier,4,0.25,0.203,24.0,474,1
perplexity-low,resource_tier,4,0.5,0.405,96.0,474,1
perplexity-low,resource_tier,5,0.01,1.177,99.0,8442,1
perplexity-low,resource_tier,5,0.05,1.208,510.0,8442,1
perplexity-low,resource_tier,5,0.1,1.212,1023.0,8442,1
perplexity-low,resource_tier,5,0.25,1.23,2596.0,8442,1
perplexity-low,resource_tier,5,0.5,1.166,4922.0,8442,1
perplexity-mid,resource_tier,0,0.01,0.602,3.0,500,1
perplexity-mid,resource_tier,0,0.05,0.24,6.0,500,1
perplexity-mid,resource_tier,0,0.1,0.32,16.0,500,1
perplexity-mid,resource_tier,0,0.25,0.512,64.0,500,1
perplexity-mid,resource_tier,0,0.5,0.564,141.0,500,1
perplexity-mid,resource_tier,1,0.01,3.413,17.0,500,1
perplexity-mid,resource_tier,1,0.05,3.001,75.0,500,1
perplexity-mid,resource_tier,1,0.1,2.5,125.0,500,1
perplexity-mid,resource_tier,1,0.25,1.68,210.0,500,1
perplexity-mid,resource_tier,1,0.5,1.08,270.0,500,1
perplexity-mid,resource_tier,2,0.01,0.0,0.0,500,1
perplexity-mid,resource_tier,2,0.05,0.0,0.0,500,1
perplexity-mid,resource_tier,2,0.1,0.0,0.0,500,1
perplexity-mid,resource_tier,2,0.25,0.0,0.0,500,1
perplexity-mid,resource_tier,2,0.5,0.044,11.0,500,1
perplexity-mid,resource_tier,3,0.01,3.064,13.0,426,1
perplexity-mid,resource_tier,3,0.05,2.207,47.0,426,1
perplexity-mid,resource_tier,3,0.1,2.301,98.0,426,1
perplexity-mid,resource_tier,3,0.25,2.094,223.0,426,1
perplexity-mid,resource_tier,3,0.5,1.474,314.0,426,1
perplexity-mid,resource_tier,4,0.01,1.483,7.0,474,1
perplexity-mid,resource_tier,4,0.05,1.013,24.0,474,1
perplexity-mid,resource_tier,4,0.1,1.055,50.0,474,1
perplexity-mid,resource_tier,4,0.25,1.063,126.0,474,1
perplexity-mid,resource_tier,4,0.5,0.941,223.0,474,1
perplexity-mid,resource_tier,5,0.01,0.809,68.0,8442,1
perplexity-mid,resource_tier,5,0.05,0.924,390.0,8442,1
perplexity-mid,resource_tier,5,0.1,0.942,795.0,8442,1
perplexity-mid,resource_tier,5,0.25,0.989,2087.0,8442,1
perplexity-mid,resource_tier,5,0.5,1.057,4462.0,8442,1
quality,resource_tier,0,0.01,0.803,4.0,500,1
quality,resource_tier,0,0.05,0.76,19.0,500,1
quality,resource_tier,0,0.1,0.74,37.0,500,1
quality,resource_tier,0,0.25,0.56,70.0,500,1
quality,resource_tier,0,0.5,0.568,142.0,500,1
quality,resource_tier,1,0.01,0.0,0.0,500,1
quality,resource_tier,1,0.05,0.0,0.0,500,1
quality,resource_tier,1,0.1,0.04,2.0,500,1
quality,resource_tier,1,0.25,0.048,6.0,500,1
quality,resource_tier,1,0.5,0.1,25.0,500,1
quality,resource_tier,2,0.01,0.201,1.0,500,1
quality,resource_tier,2,0.05,0.28,7.0,500,1
quality,resource_tier,2,0.1,0.22,11.0,500,1
quality,resource_tier,2,0.25,0.208,26.0,500,1
quality,resource_tier,2,0.5,0.372,93.0,500,1
quality,resource_tier,3,0.01,0.236,1.0,426,1
quality,resource_tier,3,0.05,0.517,11.0,426,1
quality,resource_tier,3,0.1,0.563,24.0,426,1
quality,resource_tier,3,0.25,0.686,73.0,426,1
quality,resource_tier,3,0.5,0.746,159.0,426,1
quality,resource_tier,4,0.01,1.694,8.0,474,1
quality,resource_tier,4,0.05,1.35,32.0,474,1
quality,resource_tier,4,0.1,1.245,59.0,474,1
quality,resource_tier,4,0.25,0.996,118.0,474,1
quality,resource_tier,4,0.5,1.055,250.0,474,1
quality,resource_tier,5,0.01,1.118,94.0,8442,1
quality,resource_tier,5,0.05,1.121,473.0,8442,1
quality,resource_tier,5,0.1,1.127,951.0,8442,1
quality,resource_tier,5,0.25,1.145,2417.0,8442,1
quality,resource_tier,5,0.5,1.126,4752.0,8442,1
random,resource_tier,0,0.01,0.602,3.0,500,3
random,resource_tier,0,0.05,1.054,26.7,500,3
random,resource_tier,0,0.1,0.995,50.7,500,3
random,resource_tier,0,0.25,0.98,123.3,500,3
random,resource_tier,0,0.5,0.998,250.0,500,3
random,resource_tier,1,0.01,0.87,4.3,500,3
random,resource_tier,1,0.05,1.337,34.0,500,3
random,resource_tier,1,0.1,1.433,73.0,500,3
random,resource_tier,1,0.25,1.208,152.0,500,3
random,resource_tier,1,0.5,1.065,267.0,500,3
random,resource_tier,2,0.01,1.138,5.7,500,3
random,resource_tier,2,0.05,0.977,24.7,500,3
random,resource_tier,2,0.1,0.962,49.0,500,3
random,resource_tier,2,0.25,1.028,129.3,500,3
random,resource_tier,2,0.5,1.04,260.7,500,3
random,resource_tier,3,0.01,1.1,4.7,426,3
random,resource_tier,3,0.05,0.865,18.7,426,3
random,resource_tier,3,0.1,0.906,39.3,426,3
random,resource_tier,3,0.25,0.957,102.7,426,3
random,resource_tier,3,0.5,0.982,209.7,426,3
random,resource_tier,4,0.01,0.847,4.0,474,3
random,resource_tier,4,0.05,1.001,24.0,474,3
random,resource_tier,4,0.1,1.015,49.0,474,3
random,resource_tier,4,0.25,1.031,123.0,474,3
random,resource_tier,4,0.5,1.02,242.3,474,3
random,resource_tier,5,0.01,1.027,86.3,8442,3
random,resource_tier,5,0.05,0.985,421.0,8442,3
random,resource_tier,5,0.1,0.981,843.3,8442,3
random,resource_tier,5,0.25,0.988,2098.7,8442,3
random,resource_tier,5,0.5,0.994,4204.7,8442,3
rdsplus,resource_tier,0,0.01,0.602,3.0,500,1
rdsplus,resource_tier,0,0.05,0.88,22.0,500,1
rdsplus,resource_tier,0,0.1,1.16,58.0,500,1
rdsplus,resource_tier,0,0.25,0.776,97.0,500,1
rdsplus,resource_tier,0,0.5,1.194,299.0,500,1
rdsplus,resource_tier,1,0.01,0.0,0.0,500,1
rdsplus,resource_tier,1,0.05,0.0,0.0,500,1
rdsplus,resource_tier,1,0.1,0.0,0.0,500,1
rdsplus,resource_tier,1,0.25,0.032,4.0,500,1
rdsplus,resource_tier,1,0.5,1.514,379.0,500,1
rdsplus,resource_tier,2,0.01,0.201,1.0,500,1
rdsplus,resource_tier,2,0.05,0.16,4.0,500,1
rdsplus,resource_tier,2,0.1,0.08,4.0,500,1
rdsplus,resource_tier,2,0.25,1.112,139.0,500,1
rdsplus,resource_tier,2,0.5,1.798,450.0,500,1
rdsplus,resource_tier,3,0.01,5.184,22.0,426,1
rdsplus,resource_tier,3,0.05,3.146,67.0,426,1
rdsplus,resource_tier,3,0.1,2.324,99.0,426,1
rdsplus,resource_tier,3,0.25,2.32,247.0,426,1
rdsplus,resource_tier,3,0.5,1.66,354.0,426,1
rdsplus,resource_tier,4,0.01,0.0,0.0,474,1
rdsplus,resource_tier,4,0.05,0.38,9.0,474,1
rdsplus,resource_tier,4,0.1,0.95,45.0,474,1
rdsplus,resource_tier,4,0.25,1.325,157.0,474,1
rdsplus,resource_tier,4,0.5,0.847,201.0,474,1
rdsplus,resource_tier,5,0.01,0.975,82.0,8442,1
rdsplus,resource_tier,5,0.05,1.043,440.0,8442,1
rdsplus,resource_tier,5,0.1,1.04,878.0,8442,1
rdsplus,resource_tier,5,0.25,0.979,2066.0,8442,1
rdsplus,resource_tier,5,0.5,0.886,3745.0,8442,1
semdedup,resource_tier,0,0.01,0.803,4.0,500,1
semdedup,resource_tier,0,0.05,0.96,24.0,500,1
semdedup,resource_tier,0,0.1,0.84,42.0,500,1
semdedup,resource_tier,0,0.25,0.808,101.0,500,1
semdedup,resource_tier,0,0.5,0.68,170.0,500,1
semdedup,resource_tier,0,0.6394,0.698,223.0,500,1
semdedup,resource_tier,1,0.01,0.201,1.0,500,1
semdedup,resource_tier,1,0.05,0.08,2.0,500,1
semdedup,resource_tier,1,0.1,0.1,5.0,500,1
semdedup,resource_tier,1,0.25,0.128,16.0,500,1
semdedup,resource_tier,1,0.5,0.136,34.0,500,1
semdedup,resource_tier,1,0.6394,0.222,71.0,500,1
semdedup,resource_tier,2,0.01,0.402,2.0,500,1
semdedup,resource_tier,2,0.05,0.32,8.0,500,1
semdedup,resource_tier,2,0.1,0.26,13.0,500,1
semdedup,resource_tier,2,0.25,0.272,34.0,500,1
semdedup,resource_tier,2,0.5,0.312,78.0,500,1
semdedup,resource_tier,2,0.6394,0.353,113.0,500,1
semdedup,resource_tier,3,0.01,1.178,5.0,426,1
semdedup,resource_tier,3,0.05,0.704,15.0,426,1
semdedup,resource_tier,3,0.1,0.657,28.0,426,1
semdedup,resource_tier,3,0.25,0.488,52.0,426,1
semdedup,resource_tier,3,0.5,0.376,80.0,426,1
semdedup,resource_tier,3,0.6394,0.367,100.0,426,1
semdedup,resource_tier,4,0.01,9.319,44.0,474,1
semdedup,resource_tier,4,0.05,3.503,83.0,474,1
semdedup,resource_tier,4,0.1,2.131,101.0,474,1
semdedup,resource_tier,4,0.25,1.215,144.0,474,1
semdedup,resource_tier,4,0.5,1.008,239.0,474,1
semdedup,resource_tier,4,0.6394,1.026,311.0,474,1
semdedup,resource_tier,5,0.01,0.618,52.0,8442,1
semdedup,resource_tier,5,0.05,0.972,410.0,8442,1
semdedup,resource_tier,5,0.1,1.06,895.0,8442,1
semdedup,resource_tier,5,0.25,1.12,2363.0,8442,1
semdedup,resource_tier,5,0.5,1.142,4820.0,8442,1
semdedup,resource_tier,5,0.6394,1.133,6114.0,8442,1
ifd,skill,chat,0.01,0.246,3.0,1224,1
ifd,skill,chat,0.05,0.735,45.0,1224,1
ifd,skill,chat,0.1,1.128,138.0,1224,1
ifd,skill,chat,0.25,1.167,357.0,1224,1
ifd,skill,chat,0.5,1.026,628.0,1224,1
ifd,skill,code,0.01,0.0,0.0,1501,1
ifd,skill,code,0.05,0.133,10.0,1501,1
ifd,skill,code,0.1,0.327,49.0,1501,1
ifd,skill,code,0.25,0.653,245.0,1501,1
ifd,skill,code,0.5,1.045,784.0,1501,1
ifd,skill,general,0.01,0.103,1.0,974,1
ifd,skill,general,0.05,0.123,6.0,974,1
ifd,skill,general,0.1,0.082,8.0,974,1
ifd,skill,general,0.25,0.074,18.0,974,1
ifd,skill,general,0.5,0.064,31.0,974,1
ifd,skill,instruction_following,0.01,0.339,1.0,296,1
ifd,skill,instruction_following,0.05,0.405,6.0,296,1
ifd,skill,instruction_following,0.1,0.473,14.0,296,1
ifd,skill,instruction_following,0.25,0.635,47.0,296,1
ifd,skill,instruction_following,0.5,0.892,132.0,296,1
ifd,skill,math,0.01,0.029,1.0,3494,1
ifd,skill,math,0.05,0.521,91.0,3494,1
ifd,skill,math,0.1,0.933,326.0,3494,1
ifd,skill,math,0.25,1.373,1199.0,3494,1
ifd,skill,math,0.5,1.462,2554.0,3494,1
ifd,skill,multilingual,0.01,4.277,85.0,1995,1
ifd,skill,multilingual,0.05,3.289,328.0,1995,1
ifd,skill,multilingual,0.1,2.266,452.0,1995,1
ifd,skill,multilingual,0.25,1.318,657.0,1995,1
ifd,skill,multilingual,0.5,0.915,913.0,1995,1
ifd,skill,other,0.01,0.0,0.0,56,1
ifd,skill,other,0.05,0.0,0.0,56,1
ifd,skill,other,0.1,0.0,0.0,56,1
ifd,skill,other,0.25,0.071,1.0,56,1
ifd,skill,other,0.5,0.071,2.0,56,1
ifd,skill,safety,0.01,1.434,17.0,1190,1
ifd,skill,safety,0.05,0.941,56.0,1190,1
ifd,skill,safety,0.1,0.815,97.0,1190,1
ifd,skill,safety,0.25,0.625,186.0,1190,1
ifd,skill,safety,0.5,0.632,376.0,1190,1
ifd,skill,science,0.01,0.0,0.0,112,1
ifd,skill,science,0.05,0.0,0.0,112,1
ifd,skill,science,0.1,0.0,0.0,112,1
ifd,skill,science,0.25,0.0,0.0,112,1
ifd,skill,science,0.5,0.018,1.0,112,1
perplexity-high,skill,chat,0.01,0.082,1.0,1224,1
perplexity-high,skill,chat,0.05,0.311,19.0,1224,1
perplexity-high,skill,chat,0.1,0.637,78.0,1224,1
perplexity-high,skill,chat,0.25,1.624,497.0,1224,1
perplexity-high,skill,chat,0.5,1.658,1015.0,1224,1
perplexity-high,skill,code,0.01,0.0,0.0,1501,1
perplexity-high,skill,code,0.05,0.0,0.0,1501,1
perplexity-high,skill,code,0.1,0.0,0.0,1501,1
perplexity-high,skill,code,0.25,0.171,64.0,1501,1
perplexity-high,skill,code,0.5,0.626,470.0,1501,1
perplexity-high,skill,general,0.01,0.0,0.0,974,1
perplexity-high,skill,general,0.05,0.0,0.0,974,1
perplexity-high,skill,general,0.1,0.349,34.0,974,1
perplexity-high,skill,general,0.25,1.13,275.0,974,1
perplexity-high,skill,general,0.5,1.378,671.0,974,1
perplexity-high,skill,instruction_following,0.01,0.0,0.0,296,1
perplexity-high,skill,instruction_following,0.05,0.203,3.0,296,1
perplexity-high,skill,instruction_following,0.1,0.439,13.0,296,1
perplexity-high,skill,instruction_following,0.25,0.906,67.0,296,1
perplexity-high,skill,instruction_following,0.5,1.743,258.0,296,1
perplexity-high,skill,math,0.01,0.0,0.0,3494,1
perplexity-high,skill,math,0.05,0.0,0.0,3494,1
perplexity-high,skill,math,0.1,0.0,0.0,3494,1
perplexity-high,skill,math,0.25,0.0,0.0,3494,1
perplexity-high,skill,math,0.5,0.014,25.0,3494,1
perplexity-high,skill,multilingual,0.01,5.384,107.0,1995,1
perplexity-high,skill,multilingual,0.05,5.164,515.0,1995,1
perplexity-high,skill,multilingual,0.1,4.678,933.0,1995,1
perplexity-high,skill,multilingual,0.25,2.667,1330.0,1995,1
perplexity-high,skill,multilingual,0.5,1.73,1726.0,1995,1
perplexity-high,skill,other,0.01,0.0,0.0,56,1
perplexity-high,skill,other,0.05,0.0,0.0,56,1
perplexity-high,skill,other,0.1,0.357,2.0,56,1
perplexity-high,skill,other,0.25,0.786,11.0,56,1
perplexity-high,skill,other,0.5,1.393,39.0,56,1
perplexity-high,skill,safety,0.01,0.0,0.0,1190,1
perplexity-high,skill,safety,0.05,0.034,2.0,1190,1
perplexity-high,skill,safety,0.1,0.16,19.0,1190,1
perplexity-high,skill,safety,0.25,1.368,407.0,1190,1
perplexity-high,skill,safety,0.5,1.861,1107.0,1190,1
perplexity-high,skill,science,0.01,0.0,0.0,112,1
perplexity-high,skill,science,0.05,0.536,3.0,112,1
perplexity-high,skill,science,0.1,0.447,5.0,112,1
perplexity-high,skill,science,0.25,2.108,59.0,112,1
perplexity-high,skill,science,0.5,1.964,110.0,112,1
perplexity-low,skill,chat,0.01,0.0,0.0,1224,1
perplexity-low,skill,chat,0.05,0.0,0.0,1224,1
perplexity-low,skill,chat,0.1,0.0,0.0,1224,1
perplexity-low,skill,chat,0.25,0.069,21.0,1224,1
perplexity-low,skill,chat,0.5,0.342,209.0,1224,1
perplexity-low,skill,code,0.01,0.0,0.0,1501,1
perplexity-low,skill,code,0.05,0.093,7.0,1501,1
perplexity-low,skill,code,0.1,0.127,19.0,1501,1
perplexity-low,skill,code,0.25,0.536,201.0,1501,1
perplexity-low,skill,code,0.5,1.374,1031.0,1501,1
perplexity-low,skill,general,0.01,0.412,4.0,974,1
perplexity-low,skill,general,0.05,0.267,13.0,974,1
perplexity-low,skill,general,0.1,0.298,29.0,974,1
perplexity-low,skill,general,0.25,0.251,61.0,974,1
perplexity-low,skill,general,0.5,0.622,303.0,974,1
perplexity-low,skill,instruction_following,0.01,0.0,0.0,296,1
perplexity-low,skill,instruction_following,0.05,0.0,0.0,296,1
perplexity-low,skill,instruction_following,0.1,0.0,0.0,296,1
perplexity-low,skill,instruction_following,0.25,0.027,2.0,296,1
perplexity-low,skill,instruction_following,0.5,0.257,38.0,296,1
perplexity-low,skill,math,0.01,2.988,104.0,3494,1
perplexity-low,skill,math,0.05,2.989,522.0,3494,1
perplexity-low,skill,math,0.1,2.963,1035.0,3494,1
perplexity-low,skill,math,0.25,2.772,2421.0,3494,1
perplexity-low,skill,math,0.5,1.986,3469.0,3494,1
perplexity-low,skill,multilingual,0.01,0.0,0.0,1995,1
perplexity-low,skill,multilingual,0.05,0.0,0.0,1995,1
perplexity-low,skill,multilingual,0.1,0.0,0.0,1995,1
perplexity-low,skill,multilingual,0.25,0.004,2.0,1995,1
perplexity-low,skill,multilingual,0.5,0.27,269.0,1995,1
perplexity-low,skill,other,0.01,0.0,0.0,56,1
perplexity-low,skill,other,0.05,0.0,0.0,56,1
perplexity-low,skill,other,0.1,0.179,1.0,56,1
perplexity-low,skill,other,0.25,0.143,2.0,56,1
perplexity-low,skill,other,0.5,0.607,17.0,56,1
perplexity-low,skill,safety,0.01,0.0,0.0,1190,1
perplexity-low,skill,safety,0.05,0.0,0.0,1190,1
perplexity-low,skill,safety,0.1,0.0,0.0,1190,1
perplexity-low,skill,safety,0.25,0.0,0.0,1190,1
perplexity-low,skill,safety,0.5,0.139,83.0,1190,1
perplexity-low,skill,science,0.01,0.0,0.0,112,1
perplexity-low,skill,science,0.05,0.0,0.0,112,1
perplexity-low,skill,science,0.1,0.0,0.0,112,1
perplexity-low,skill,science,0.25,0.0,0.0,112,1
perplexity-low,skill,science,0.5,0.036,2.0,112,1
perplexity-mid,skill,chat,0.01,0.984,12.0,1224,1
perplexity-mid,skill,chat,0.05,1.128,69.0,1224,1
perplexity-mid,skill,chat,0.1,1.185,145.0,1224,1
perplexity-mid,skill,chat,0.25,1.249,382.0,1224,1
perplexity-mid,skill,chat,0.5,1.154,706.0,1224,1
perplexity-mid,skill,code,0.01,1.806,27.0,1501,1
perplexity-mid,skill,code,0.05,1.959,147.0,1501,1
perplexity-mid,skill,code,0.1,1.892,284.0,1501,1
perplexity-mid,skill,code,0.25,1.842,691.0,1501,1
perplexity-mid,skill,code,0.5,1.647,1236.0,1501,1
perplexity-mid,skill,general,0.01,1.958,19.0,974,1
perplexity-mid,skill,general,0.05,1.766,86.0,974,1
perplexity-mid,skill,general,0.1,1.746,170.0,974,1
perplexity-mid,skill,general,0.25,1.701,414.0,974,1
perplexity-mid,skill,general,0.5,1.308,637.0,974,1
perplexity-mid,skill,instruction_following,0.01,1.696,5.0,296,1
perplexity-mid,skill,instruction_following,0.05,1.554,23.0,296,1
perplexity-mid,skill,instruction_following,0.1,1.825,54.0,296,1
perplexity-mid,skill,instruction_following,0.25,1.825,135.0,296,1
perplexity-mid,skill,instruction_following,0.5,1.534,227.0,296,1
perplexity-mid,skill,math,0.01,0.287,10.0,3494,1
perplexity-mid,skill,math,0.05,0.206,36.0,3494,1
perplexity-mid,skill,math,0.1,0.209,73.0,3494,1
perplexity-mid,skill,math,0.25,0.311,272.0,3494,1
perplexity-mid,skill,math,0.5,0.614,1073.0,3494,1
perplexity-mid,skill,multilingual,0.01,1.51,30.0,1995,1
perplexity-mid,skill,multilingual,0.05,1.283,128.0,1995,1
perplexity-mid,skill,multilingual,0.1,1.178,235.0,1995,1
perplexity-mid,skill,multilingual,0.25,0.945,471.0,1995,1
perplexity-mid,skill,multilingual,0.5,0.665,663.0,1995,1
perplexity-mid,skill,other,0.01,0.0,0.0,56,1
perplexity-mid,skill,other,0.05,0.357,1.0,56,1
perplexity-mid,skill,other,0.1,1.607,9.0,56,1
perplexity-mid,skill,other,0.25,1.643,23.0,56,1
perplexity-mid,skill,other,0.5,1.536,43.0,56,1
perplexity-mid,skill,safety,0.01,0.422,5.0,1190,1
perplexity-mid,skill,safety,0.05,0.84,50.0,1190,1
perplexity-mid,skill,safety,0.1,0.933,111.0,1190,1
perplexity-mid,skill,safety,0.25,1.046,311.0,1190,1
perplexity-mid,skill,safety,0.5,1.316,783.0,1190,1
perplexity-mid,skill,science,0.01,0.0,0.0,112,1
perplexity-mid,skill,science,0.05,0.357,2.0,112,1
perplexity-mid,skill,science,0.1,0.268,3.0,112,1
perplexity-mid,skill,science,0.25,0.393,11.0,112,1
perplexity-mid,skill,science,0.5,0.946,53.0,112,1
quality,skill,chat,0.01,1.066,13.0,1224,1
quality,skill,chat,0.05,0.997,61.0,1224,1
quality,skill,chat,0.1,0.989,121.0,1224,1
quality,skill,chat,0.25,0.994,304.0,1224,1
quality,skill,chat,0.5,1.064,651.0,1224,1
quality,skill,code,0.01,1.94,29.0,1501,1
quality,skill,code,0.05,1.546,116.0,1501,1
quality,skill,code,0.1,1.493,224.0,1501,1
quality,skill,code,0.25,1.525,572.0,1501,1
quality,skill,code,0.5,1.418,1064.0,1501,1
quality,skill,general,0.01,0.721,7.0,974,1
quality,skill,general,0.05,0.698,34.0,974,1
quality,skill,general,0.1,0.698,68.0,974,1
quality,skill,general,0.25,0.698,170.0,974,1
quality,skill,general,0.5,0.745,363.0,974,1
quality,skill,instruction_following,0.01,3.392,10.0,296,1
quality,skill,instruction_following,0.05,2.163,32.0,296,1
quality,skill,instruction_following,0.1,1.892,56.0,296,1
quality,skill,instruction_following,0.25,1.5,111.0,296,1
quality,skill,instruction_following,0.5,1.507,223.0,296,1
quality,skill,math,0.01,0.977,34.0,3494,1
quality,skill,math,0.05,1.174,205.0,3494,1
quality,skill,math,0.1,1.297,453.0,3494,1
quality,skill,math,0.25,1.301,1136.0,3494,1
quality,skill,math,0.5,1.247,2178.0,3494,1
quality,skill,multilingual,0.01,0.503,10.0,1995,1
quality,skill,multilingual,0.05,0.451,45.0,1995,1
quality,skill,multilingual,0.1,0.421,84.0,1995,1
quality,skill,multilingual,0.25,0.395,197.0,1995,1
quality,skill,multilingual,0.5,0.478,477.0,1995,1
quality,skill,other,0.01,0.0,0.0,56,1
quality,skill,other,0.05,0.714,2.0,56,1
quality,skill,other,0.1,0.357,2.0,56,1
quality,skill,other,0.25,0.5,7.0,56,1
quality,skill,other,0.5,0.893,25.0,56,1
quality,skill,safety,0.01,0.337,4.0,1190,1
quality,skill,safety,0.05,0.723,43.0,1190,1
quality,skill,safety,0.1,0.605,72.0,1190,1
quality,skill,safety,0.25,0.682,203.0,1190,1
quality,skill,safety,0.5,0.701,417.0,1190,1
quality,skill,science,0.01,0.896,1.0,112,1
quality,skill,science,0.05,0.714,4.0,112,1
quality,skill,science,0.1,0.357,4.0,112,1
quality,skill,science,0.25,0.357,10.0,112,1
quality,skill,science,0.5,0.411,23.0,112,1
random,skill,chat,0.01,0.984,12.0,1224,3
random,skill,chat,0.05,1.012,62.7,1224,3
random,skill,chat,0.1,0.979,122.0,1224,3
random,skill,chat,0.25,1.028,316.7,1224,3
random,skill,chat,0.5,1.007,617.7,1224,3
random,skill,code,0.01,1.137,17.0,1501,3
random,skill,code,0.05,0.867,66.0,1501,3
random,skill,code,0.1,0.994,152.0,1501,3
random,skill,code,0.25,0.962,363.3,1501,3
random,skill,code,0.5,0.994,748.0,1501,3
random,skill,general,0.01,1.031,10.0,974,3
random,skill,general,0.05,1.003,49.3,974,3
random,skill,general,0.1,0.877,87.0,974,3
random,skill,general,0.25,0.957,234.7,974,3
random,skill,general,0.5,0.961,469.3,974,3
random,skill,instruction_following,0.01,1.017,3.0,296,3
random,skill,instruction_following,0.05,1.019,15.3,296,3
random,skill,instruction_following,0.1,0.907,27.3,296,3
random,skill,instruction_following,0.25,0.993,74.0,296,3
random,skill,instruction_following,0.5,1.013,150.3,296,3
random,skill,math,0.01,0.939,32.7,3494,3
random,skill,math,0.05,1.014,179.3,3494,3
random,skill,math,0.1,0.975,347.0,3494,3
random,skill,math,0.25,1.002,881.3,3494,3
random,skill,math,0.5,0.995,1742.7,3494,3
random,skill,multilingual,0.01,0.973,19.3,1995,3
random,skill,multilingual,0.05,1.056,106.7,1995,3
random,skill,multilingual,0.1,1.102,224.0,1995,3
random,skill,multilingual,0.25,1.048,526.3,1995,3
random,skill,multilingual,0.5,1.027,1027.0,1995,3
random,skill,other,0.01,1.793,1.0,56,3
random,skill,other,0.05,0.706,2.0,56,3
random,skill,other,0.1,0.76,4.3,56,3
random,skill,other,0.25,0.828,11.7,56,3
random,skill,other,0.5,0.998,28.0,56,3
random,skill,safety,0.01,1.097,13.0,1190,3
random,skill,safety,0.05,1.023,61.7,1190,3
random,skill,safety,0.1,1.048,127.0,1190,3
random,skill,safety,0.25,0.974,291.7,1190,3
random,skill,safety,0.5,0.992,591.7,1190,3
random,skill,science,0.01,0.0,0.0,112,3
random,skill,science,0.05,1.058,6.0,112,3
random,skill,science,0.1,1.198,13.7,112,3
random,skill,science,0.25,1.041,29.3,112,3
random,skill,science,0.5,1.063,59.7,112,3
rdsplus,skill,chat,0.01,0.492,6.0,1224,1
rdsplus,skill,chat,0.05,0.621,38.0,1224,1
rdsplus,skill,chat,0.1,0.719,88.0,1224,1
rdsplus,skill,chat,0.25,0.696,213.0,1224,1
rdsplus,skill,chat,0.5,0.457,280.0,1224,1
rdsplus,skill,code,0.01,1.003,15.0,1501,1
rdsplus,skill,code,0.05,0.56,42.0,1501,1
rdsplus,skill,code,0.1,0.473,71.0,1501,1
rdsplus,skill,code,0.25,0.45,169.0,1501,1
rdsplus,skill,code,0.5,0.559,420.0,1501,1
rdsplus,skill,general,0.01,1.031,10.0,974,1
rdsplus,skill,general,0.05,1.027,50.0,974,1
rdsplus,skill,general,0.1,1.099,107.0,974,1
rdsplus,skill,general,0.25,0.969,236.0,974,1
rdsplus,skill,general,0.5,0.794,387.0,974,1
rdsplus,skill,instruction_following,0.01,0.339,1.0,296,1
rdsplus,skill,instruction_following,0.05,0.27,4.0,296,1
rdsplus,skill,instruction_following,0.1,0.203,6.0,296,1
rdsplus,skill,instruction_following,0.25,0.162,12.0,296,1
rdsplus,skill,instruction_following,0.5,0.223,33.0,296,1
rdsplus,skill,math,0.01,1.552,54.0,3494,1
rdsplus,skill,math,0.05,1.729,302.0,3494,1
rdsplus,skill,math,0.1,1.769,618.0,3494,1
rdsplus,skill,math,0.25,1.771,1547.0,3494,1
rdsplus,skill,math,0.5,1.565,2738.0,3494,1
rdsplus,skill,multilingual,0.01,1.057,21.0,1995,1
rdsplus,skill,multilingual,0.05,0.983,98.0,1995,1
rdsplus,skill,multilingual,0.1,0.882,176.0,1995,1
rdsplus,skill,multilingual,0.25,0.977,487.0,1995,1
rdsplus,skill,multilingual,0.5,1.471,1469.0,1995,1
rdsplus,skill,other,0.01,0.0,0.0,56,1
rdsplus,skill,other,0.05,0.357,1.0,56,1
rdsplus,skill,other,0.1,0.357,2.0,56,1
rdsplus,skill,other,0.25,0.714,10.0,56,1
rdsplus,skill,other,0.5,0.571,16.0,56,1
rdsplus,skill,safety,0.01,0.084,1.0,1190,1
rdsplus,skill,safety,0.05,0.118,7.0,1190,1
rdsplus,skill,safety,0.1,0.134,16.0,1190,1
rdsplus,skill,safety,0.25,0.118,35.0,1190,1
rdsplus,skill,safety,0.5,0.141,84.0,1190,1
rdsplus,skill,science,0.01,0.0,0.0,112,1
rdsplus,skill,science,0.05,0.0,0.0,112,1
rdsplus,skill,science,0.1,0.0,0.0,112,1
rdsplus,skill,science,0.25,0.036,1.0,112,1
rdsplus,skill,science,0.5,0.018,1.0,112,1
semdedup,skill,chat,0.01,2.953,36.0,1224,1
semdedup,skill,chat,0.05,2.974,182.0,1224,1
semdedup,skill,chat,0.1,2.574,315.0,1224,1
semdedup,skill,chat,0.25,2.193,671.0,1224,1
semdedup,skill,chat,0.5,1.511,925.0,1224,1
semdedup,skill,chat,0.6394,1.28,1002.0,1224,1
semdedup,skill,code,0.01,0.201,3.0,1501,1
semdedup,skill,code,0.05,0.333,25.0,1501,1
semdedup,skill,code,0.1,0.553,83.0,1501,1
semdedup,skill,code,0.25,1.093,410.0,1501,1
semdedup,skill,code,0.5,1.4,1051.0,1501,1
semdedup,skill,code,0.6394,1.389,1333.0,1501,1
semdedup,skill,general,0.01,2.886,28.0,974,1
semdedup,skill,general,0.05,2.649,129.0,974,1
semdedup,skill,general,0.1,2.341,228.0,974,1
semdedup,skill,general,0.25,1.922,468.0,974,1
semdedup,skill,general,0.5,1.515,738.0,974,1
semdedup,skill,general,0.6394,1.267,789.0,974,1
semdedup,skill,instruction_following,0.01,1.017,3.0,296,1
semdedup,skill,instruction_following,0.05,3.784,56.0,296,1
semdedup,skill,instruction_following,0.1,4.426,131.0,296,1
semdedup,skill,instruction_following,0.25,3.406,252.0,296,1
semdedup,skill,instruction_following,0.5,1.986,294.0,296,1
semdedup,skill,instruction_following,0.6394,1.559,295.0,296,1
semdedup,skill,math,0.01,0.0,0.0,3494,1
semdedup,skill,math,0.05,0.011,2.0,3494,1
semdedup,skill,math,0.1,0.014,5.0,3494,1
semdedup,skill,math,0.25,0.029,25.0,3494,1
semdedup,skill,math,0.5,0.434,758.0,3494,1
semdedup,skill,math,0.6394,0.731,1632.0,3494,1
semdedup,skill,multilingual,0.01,1.409,28.0,1995,1
semdedup,skill,multilingual,0.05,0.682,68.0,1995,1
semdedup,skill,multilingual,0.1,0.546,109.0,1995,1
semdedup,skill,multilingual,0.25,0.407,203.0,1995,1
semdedup,skill,multilingual,0.5,0.391,390.0,1995,1
semdedup,skill,multilingual,0.6394,0.44,561.0,1995,1
semdedup,skill,other,0.01,1.793,1.0,56,1
semdedup,skill,other,0.05,1.429,4.0,56,1
semdedup,skill,other,0.1,1.429,8.0,56,1
semdedup,skill,other,0.25,1.286,18.0,56,1
semdedup,skill,other,0.5,1.536,43.0,56,1
semdedup,skill,other,0.6394,1.369,49.0,56,1
semdedup,skill,safety,0.01,0.675,8.0,1190,1
semdedup,skill,safety,0.05,0.958,57.0,1190,1
semdedup,skill,safety,0.1,1.387,165.0,1190,1
semdedup,skill,safety,0.25,1.916,570.0,1190,1
semdedup,skill,safety,0.5,1.871,1113.0,1190,1
semdedup,skill,safety,0.6394,1.527,1162.0,1190,1
semdedup,skill,science,0.01,0.896,1.0,112,1
semdedup,skill,science,0.05,3.393,19.0,112,1
semdedup,skill,science,0.1,3.572,40.0,112,1
semdedup,skill,science,0.25,3.322,93.0,112,1
semdedup,skill,science,0.5,1.946,109.0,112,1
semdedup,skill,science,0.6394,1.522,109.0,112,1
